{"cameraMode":{"drawMode":0,"name":"Shaded","section":"Shading Mode"},"sceneLighting":false,"audioPlay":false,"sceneViewState":{"m_AlwaysRefresh":false,"showFog":true,"showSkybox":false,"showFlares":true,"showImageEffects":true,"showParticleSystems":true,"showVisualEffectGraphs":true,"m_FxEnabled":true},"in2DMode":false,"pivot":{"x":0.09036719799041748,"y":0.5886244773864746,"z":0.03429687023162842},"rotation":{"x":-0.011616261675953865,"y":0.9883781671524048,"z":-0.10897180438041687,"w":-0.1053614392876625},"size":2.6437036991119386,"orthographic":false}