{"cameraMode":{"drawMode":0,"name":"Shaded","section":"Shading Mode"},"sceneLighting":false,"audioPlay":false,"sceneViewState":{"m_AlwaysRefresh":false,"showFog":true,"showSkybox":false,"showFlares":true,"showImageEffects":true,"showParticleSystems":true,"showVisualEffectGraphs":true,"m_FxEnabled":true},"in2DMode":false,"pivot":{"x":-0.0903472900390625,"y":1.9138298034667969,"z":0.2598590850830078},"rotation":{"x":0.012490561231970787,"y":0.9867502450942993,"z":0.09321823716163635,"w":-0.13221733272075654},"size":21.055185317993165,"orthographic":false}