{"cameraMode":{"drawMode":0,"name":"Shaded","section":"Shading Mode"},"sceneLighting":false,"audioPlay":false,"sceneViewState":{"m_AlwaysRefresh":false,"showFog":true,"showSkybox":false,"showFlares":true,"showImageEffects":true,"showParticleSystems":true,"showVisualEffectGraphs":true,"m_FxEnabled":true},"in2DMode":false,"pivot":{"x":1.6488147974014283,"y":-0.7439066171646118,"z":3.5021822452545168},"rotation":{"x":0.018585205078125,"y":0.9723167419433594,"z":0.08303302526473999,"w":-0.21763242781162263},"size":0.000017320508050033823,"orthographic":false}