{"cameraMode":{"drawMode":0,"name":"Shaded","section":"Shading Mode"},"sceneLighting":false,"audioPlay":false,"sceneViewState":{"m_AlwaysRefresh":false,"showFog":true,"showSkybox":false,"showFlares":true,"showImageEffects":true,"showParticleSystems":true,"showVisualEffectGraphs":true,"m_FxEnabled":true},"in2DMode":false,"pivot":{"x":1.9767403602600098,"y":-0.18290357291698457,"z":5.730477333068848},"rotation":{"x":0.012490561231970787,"y":0.9867502450942993,"z":0.09321823716163635,"w":-0.13221733272075654},"size":0.0012173204449936748,"orthographic":false}