{"cameraMode":{"drawMode":0,"name":"Shaded","section":"Shading Mode"},"sceneLighting":false,"audioPlay":false,"sceneViewState":{"m_AlwaysRefresh":false,"showFog":true,"showSkybox":false,"showFlares":true,"showImageEffects":true,"showParticleSystems":true,"showVisualEffectGraphs":true,"m_FxEnabled":true},"in2DMode":false,"pivot":{"x":3.0001235008239748,"y":-2.53531813621521,"z":6.417768478393555},"rotation":{"x":0.04649365693330765,"y":0.9523557424545288,"z":0.18779334425926209,"w":-0.2357838749885559},"size":0.000017320508050033823,"orthographic":false}